UserId,Actions,FilePath
7, PREVIEW, /Shared/Sample Docs/CIMs/CIM-03-Bar-Wash.pdf
8, DOWNLOAD, /Shared/Sample Docs/CIMs/CIM-01-Consolidated-Utility-Services.pdf
5, PREVIEW, /Shared/Sample Docs/CIMs/CIM-02-American-Casino.pdf
7, ADD_FILE, /Shared/Sample Docs/CIMs/CIM-06-Pizza-Hut.pdf
1, ADD_FILE, /Shared/Sample Docs/CIMs/CIM-04-Alcatel-Lucent.pdf
6, DOWNLOAD, /Shared/Sample Docs/CIMs/CIM-03-Bar-Wash.pdf
6, ADD_FILE, /Shared/Sample Docs/CIMs/CIM-04-Alcatel-Lucent.pdf
1, PREVIEW, /Shared/Sample Docs/CIMs/CIM-05-Arion-Banki-hf.pdf
5, ADD_FILE, /Shared/Sample Docs/CIMs/CIM-05-Arion-Banki-hf.pdf
7, DOWNLOAD, /Shared/Sample Docs/CIMs/CIM-06-Pizza-Hut.pdf
5, PREVIEW, /Shared/Sample Docs/CIMs/CIM-05-Arion-Banki-hf.pdf
8, DOWNLOAD, /Shared/Sample Docs/CIMs/CIM-04-Alcatel-Lucent.pdf
1, ADD_FILE, /Shared/Sample Docs/CIMs/CIM-03-Bar-Wash.pdf
1, PREVIEW, /Shared/Sample Docs/CIMs/CIM-03-Bar-Wash.pdf
5, DOWNLOAD, /Shared/Sample Docs/CIMs/CIM-05-Arion-Banki-hf.pdf
7, PREVIEW, /Shared/Sample Docs/CIMs/CIM-04-Alcatel-Lucent.pdf
5, DOWNLOAD, /Shared/Sample Docs/CIMs/CIM-03-Bar-Wash.pdf
8, PREVIEW, /Shared/Sample Docs/CIMs/CIM-02-American-Casino.pdf
8, ADD_FILE, /Shared/Sample Docs/CIMs/CIM-03-Bar-Wash.pdf
1, PREVIEW, /Shared/Sample Docs/CIMs/CIM-01-Consolidated-Utility-Services.pdf
6, PREVIEW, /Shared/Sample Docs/CIMs/CIM-01-Consolidated-Utility-Services.pdf
5, ADD_FILE, /Shared/Sample Docs/CIMs/CIM-06-Pizza-Hut.pdf
5, DOWNLOAD, /Shared/Sample Docs/CIMs/CIM-04-Alcatel-Lucent.pdf
7, ADD_FILE, /Shared/Sample Docs/CIMs/CIM-01-Consolidated-Utility-Services.pdf
6, PREVIEW, /Shared/Sample Docs/CIMs/CIM-05-Arion-Banki-hf.pdf
8, ADD_FILE, /Shared/Sample Docs/CIMs/CIM-02-American-Casino.pdf
6, ADD_FILE, /Shared/Sample Docs/CIMs/CIM-02-American-Casino.pdf
8, ADD_FILE, /Shared/Sample Docs/CIMs/CIM-04-Alcatel-Lucent.pdf
8, DOWNLOAD, /Shared/Sample Docs/CIMs/CIM-05-Arion-Banki-hf.pdf
1, DOWNLOAD, /Shared/Sample Docs/CIMs/CIM-03-Bar-Wash.pdf
5, DOWNLOAD, /Shared/Sample Docs/CIMs/CIM-06-Pizza-Hut.pdf
8, PREVIEW, /Shared/Sample Docs/CIMs/CIM-06-Pizza-Hut.pdf
6, PREVIEW, /Shared/Sample Docs/CIMs/CIM-02-American-Casino.pdf
7, DOWNLOAD, /Shared/Sample Docs/CIMs/CIM-03-Bar-Wash.pdf
8, PREVIEW, /Shared/Sample Docs/CIMs/CIM-04-Alcatel-Lucent.pdf
5, ADD_FILE, /Shared/Sample Docs/CIMs/CIM-04-Alcatel-Lucent.pdf
8, ADD_FILE, /Shared/Sample Docs/CIMs/CIM-05-Arion-Banki-hf.pdf
1, PREVIEW, /Shared/Sample Docs/CIMs/CIM-04-Alcatel-Lucent.pdf
5, DOWNLOAD, /Shared/Sample Docs/CIMs/CIM-01-Consolidated-Utility-Services.pdf
8, ADD_FILE, /Shared/Sample Docs/CIMs/CIM-01-Consolidated-Utility-Services.pdf
1, PREVIEW, /Shared/Sample Docs/CIMs/CIM-06-Pizza-Hut.pdf
6, DOWNLOAD, /Shared/Sample Docs/CIMs/CIM-06-Pizza-Hut.pdf
1, DOWNLOAD, /Shared/Sample Docs/CIMs/CIM-01-Consolidated-Utility-Services.pdf
6, DOWNLOAD, /Shared/Sample Docs/CIMs/CIM-05-Arion-Banki-hf.pdf
6, ADD_FILE, /Shared/Sample Docs/CIMs/CIM-01-Consolidated-Utility-Services.pdf
7, PREVIEW, /Shared/Sample Docs/CIMs/CIM-06-Pizza-Hut.pdf
7, PREVIEW, /Shared/Sample Docs/CIMs/CIM-05-Arion-Banki-hf.pdf
8, DOWNLOAD, /Shared/Sample Docs/CIMs/CIM-02-American-Casino.pdf
7, DOWNLOAD, /Shared/Sample Docs/CIMs/CIM-02-American-Casino.pdf
6, DOWNLOAD, /Shared/Sample Docs/CIMs/CIM-02-American-Casino.pdf
5, DOWNLOAD, /Shared/Sample Docs/CIMs/CIM-02-American-Casino.pdf
8, DOWNLOAD, /Shared/Sample Docs/CIMs/CIM-06-Pizza-Hut.pdf
8, PREVIEW, /Shared/Sample Docs/CIMs/CIM-01-Consolidated-Utility-Services.pdf
5, PREVIEW, /Shared/Sample Docs/CIMs/CIM-04-Alcatel-Lucent.pdf
1, PREVIEW, /Shared/Sample Docs/CIMs/CIM-02-American-Casino.pdf
6, ADD_FILE, /Shared/Sample Docs/CIMs/CIM-06-Pizza-Hut.pdf
5, PREVIEW, /Shared/Sample Docs/CIMs/CIM-03-Bar-Wash.pdf
1, ADD_FILE, /Shared/Sample Docs/CIMs/CIM-05-Arion-Banki-hf.pdf
7, ADD_FILE, /Shared/Sample Docs/CIMs/CIM-04-Alcatel-Lucent.pdf
6, ADD_FILE, /Shared/Sample Docs/CIMs/CIM-05-Arion-Banki-hf.pdf
1, DOWNLOAD, /Shared/Sample Docs/CIMs/CIM-05-Arion-Banki-hf.pdf
8, PREVIEW, /Shared/Sample Docs/CIMs/CIM-03-Bar-Wash.pdf
1, ADD_FILE, /Shared/Sample Docs/CIMs/CIM-06-Pizza-Hut.pdf
6, PREVIEW, /Shared/Sample Docs/CIMs/CIM-06-Pizza-Hut.pdf
1, ADD_FILE, /Shared/Sample Docs/CIMs/CIM-01-Consolidated-Utility-Services.pdf
7, DOWNLOAD, /Shared/Sample Docs/CIMs/CIM-04-Alcatel-Lucent.pdf
5, PREVIEW, /Shared/Sample Docs/CIMs/CIM-01-Consolidated-Utility-Services.pdf
6, DOWNLOAD, /Shared/Sample Docs/CIMs/CIM-01-Consolidated-Utility-Services.pdf
8, DOWNLOAD, /Shared/Sample Docs/CIMs/CIM-03-Bar-Wash.pdf
5, ADD_FILE, /Shared/Sample Docs/CIMs/CIM-03-Bar-Wash.pdf
5, ADD_FILE, /Shared/Sample Docs/CIMs/CIM-02-American-Casino.pdf
7, PREVIEW, /Shared/Sample Docs/CIMs/CIM-02-American-Casino.pdf
5, ADD_FILE, /Shared/Sample Docs/CIMs/CIM-01-Consolidated-Utility-Services.pdf
7, ADD_FILE, /Shared/Sample Docs/CIMs/CIM-05-Arion-Banki-hf.pdf
8, PREVIEW, /Shared/Sample Docs/CIMs/CIM-05-Arion-Banki-hf.pdf
7, ADD_FILE, /Shared/Sample Docs/CIMs/CIM-02-American-Casino.pdf
1, DOWNLOAD, /Shared/Sample Docs/CIMs/CIM-04-Alcatel-Lucent.pdf
1, ADD_FILE, /Shared/Sample Docs/CIMs/CIM-02-American-Casino.pdf
7, ADD_FILE, /Shared/Sample Docs/CIMs/CIM-03-Bar-Wash.pdf
6, ADD_FILE, /Shared/Sample Docs/CIMs/CIM-03-Bar-Wash.pdf
6, PREVIEW, /Shared/Sample Docs/CIMs/CIM-04-Alcatel-Lucent.pdf
5, PREVIEW, /Shared/Sample Docs/CIMs/CIM-06-Pizza-Hut.pdf
6, DOWNLOAD, /Shared/Sample Docs/CIMs/CIM-04-Alcatel-Lucent.pdf
8, ADD_FILE, /Shared/Sample Docs/CIMs/CIM-06-Pizza-Hut.pdf
7, DOWNLOAD, /Shared/Sample Docs/CIMs/CIM-05-Arion-Banki-hf.pdf
1, DOWNLOAD, /Shared/Sample Docs/CIMs/CIM-02-American-Casino.pdf
6, PREVIEW, /Shared/Sample Docs/CIMs/CIM-03-Bar-Wash.pdf
1, DOWNLOAD, /Shared/Sample Docs/CIMs/CIM-06-Pizza-Hut.pdf
7, DOWNLOAD, /Shared/Sample Docs/CIMs/CIM-01-Consolidated-Utility-Services.pdf
7, PREVIEW,/Shared/Sample Docs/PPMs/PPM - Blackcommerce LLC.pdf
,,
,,
6, DOWNLOAD, /Shared/Sample Docs/IMAS/GoldmanSachs - IMA.pdf
5, PREVIEW, /Shared/Sample Docs/IMAS/WTWealth_IMA(Introducing).pdf
5, ADD_FILE, /Shared/Sample Docs/IMAS/inv_mgmt_services_agreement.pdf
5, DOWNLOAD, /Shared/Sample Docs/IMAS/Investment-Management-Agreement-IMA-06.15.23-Final.pdf
8, DOWNLOAD, /Shared/Sample Docs/IMAS/WTWealth_IMA(Introducing).pdf
7, DOWNLOAD, /Shared/Sample Docs/IMAS/WTWealth_IMA(Introducing).pdf
1, PREVIEW, /Shared/Sample Docs/IMAS/GoldmanSachs - IMA.pdf
6, DOWNLOAD, /Shared/Sample Docs/IMAS/WTWealth_IMA(Introducing).pdf
6, PREVIEW, /Shared/Sample Docs/IMAS/inv_mgmt_services_agreement.pdf
5, ADD_FILE, /Shared/Sample Docs/IMAS/Sample Investment Manager Agreement.pdf
5, DOWNLOAD, /Shared/Sample Docs/IMAS/WTWealth_IMA(Introducing).pdf
6, PREVIEW, /Shared/Sample Docs/IMAS/WTWealth_IMA(Introducing).pdf
8, ADD_FILE, /Shared/Sample Docs/IMAS/inv_mgmt_services_agreement.pdf
5, DOWNLOAD, /Shared/Sample Docs/IMAS/Sample Investment Manager Agreement.pdf
6, DOWNLOAD, /Shared/Sample Docs/IMAS/inv_mgmt_services_agreement.pdf
7, DOWNLOAD, /Shared/Sample Docs/IMAS/Investment-Management-Agreement-IMA-06.15.23-Final.pdf
7, PREVIEW, /Shared/Sample Docs/IMAS/WTWealth_IMA(Introducing).pdf
5, PREVIEW, /Shared/Sample Docs/IMAS/inv_mgmt_services_agreement.pdf
6, ADD_FILE, /Shared/Sample Docs/IMAS/GoldmanSachs - IMA.pdf
7, PREVIEW, /Shared/Sample Docs/IMAS/inv_mgmt_services_agreement.pdf
6, PREVIEW, /Shared/Sample Docs/IMAS/Investment-Management-Agreement-IMA-06.15.23-Final.pdf
7, ADD_FILE, /Shared/Sample Docs/IMAS/inv_mgmt_services_agreement.pdf
8, ADD_FILE, /Shared/Sample Docs/IMAS/Sample Investment Manager Agreement.pdf
7, DOWNLOAD, /Shared/Sample Docs/IMAS/inv_mgmt_services_agreement.pdf
1, PREVIEW, /Shared/Sample Docs/IMAS/Sample Investment Manager Agreement.pdf
7, DOWNLOAD, /Shared/Sample Docs/IMAS/Sample Investment Manager Agreement.pdf
7, ADD_FILE, /Shared/Sample Docs/IMAS/GoldmanSachs - IMA.pdf
7, DOWNLOAD, /Shared/Sample Docs/IMAS/GoldmanSachs - IMA.pdf
1, DOWNLOAD, /Shared/Sample Docs/IMAS/inv_mgmt_services_agreement.pdf
5, PREVIEW, /Shared/Sample Docs/IMAS/Investment-Management-Agreement-IMA-06.15.23-Final.pdf
1, ADD_FILE, /Shared/Sample Docs/IMAS/inv_mgmt_services_agreement.pdf
1, PREVIEW, /Shared/Sample Docs/IMAS/inv_mgmt_services_agreement.pdf
5, ADD_FILE, /Shared/Sample Docs/IMAS/GoldmanSachs - IMA.pdf
6, DOWNLOAD, /Shared/Sample Docs/IMAS/Investment-Management-Agreement-IMA-06.15.23-Final.pdf
5, PREVIEW, /Shared/Sample Docs/IMAS/GoldmanSachs - IMA.pdf
5, DOWNLOAD, /Shared/Sample Docs/IMAS/inv_mgmt_services_agreement.pdf
5, ADD_FILE, /Shared/Sample Docs/IMAS/WTWealth_IMA(Introducing).pdf
1, DOWNLOAD, /Shared/Sample Docs/IMAS/GoldmanSachs - IMA.pdf
6, ADD_FILE, /Shared/Sample Docs/IMAS/Sample Investment Manager Agreement.pdf
1, PREVIEW, /Shared/Sample Docs/IMAS/WTWealth_IMA(Introducing).pdf
1, ADD_FILE, /Shared/Sample Docs/IMAS/WTWealth_IMA(Introducing).pdf
5, PREVIEW, /Shared/Sample Docs/IMAS/Sample Investment Manager Agreement.pdf
7, PREVIEW, /Shared/Sample Docs/IMAS/Investment-Management-Agreement-IMA-06.15.23-Final.pdf
8, ADD_FILE, /Shared/Sample Docs/IMAS/Investment-Management-Agreement-IMA-06.15.23-Final.pdf
8, ADD_FILE, /Shared/Sample Docs/IMAS/WTWealth_IMA(Introducing).pdf
7, ADD_FILE, /Shared/Sample Docs/IMAS/WTWealth_IMA(Introducing).pdf
1, ADD_FILE, /Shared/Sample Docs/IMAS/Sample Investment Manager Agreement.pdf
6, ADD_FILE, /Shared/Sample Docs/IMAS/WTWealth_IMA(Introducing).pdf
8, DOWNLOAD, /Shared/Sample Docs/IMAS/GoldmanSachs - IMA.pdf
1, DOWNLOAD, /Shared/Sample Docs/IMAS/Sample Investment Manager Agreement.pdf
8, DOWNLOAD, /Shared/Sample Docs/IMAS/Investment-Management-Agreement-IMA-06.15.23-Final.pdf
8, ADD_FILE, /Shared/Sample Docs/IMAS/GoldmanSachs - IMA.pdf
7, PREVIEW, /Shared/Sample Docs/IMAS/Sample Investment Manager Agreement.pdf
7, ADD_FILE, /Shared/Sample Docs/IMAS/Investment-Management-Agreement-IMA-06.15.23-Final.pdf
8, PREVIEW, /Shared/Sample Docs/IMAS/GoldmanSachs - IMA.pdf
5, DOWNLOAD, /Shared/Sample Docs/IMAS/GoldmanSachs - IMA.pdf
1, PREVIEW, /Shared/Sample Docs/IMAS/Investment-Management-Agreement-IMA-06.15.23-Final.pdf
1, ADD_FILE, /Shared/Sample Docs/IMAS/GoldmanSachs - IMA.pdf
6, PREVIEW, /Shared/Sample Docs/IMAS/Sample Investment Manager Agreement.pdf
6, DOWNLOAD, /Shared/Sample Docs/IMAS/Sample Investment Manager Agreement.pdf
1, DOWNLOAD, /Shared/Sample Docs/IMAS/WTWealth_IMA(Introducing).pdf
8, PREVIEW, /Shared/Sample Docs/IMAS/WTWealth_IMA(Introducing).pdf
6, ADD_FILE, /Shared/Sample Docs/IMAS/Investment-Management-Agreement-IMA-06.15.23-Final.pdf
8, DOWNLOAD, /Shared/Sample Docs/IMAS/Sample Investment Manager Agreement.pdf
5, ADD_FILE, /Shared/Sample Docs/IMAS/Investment-Management-Agreement-IMA-06.15.23-Final.pdf
1, ADD_FILE, /Shared/Sample Docs/IMAS/Investment-Management-Agreement-IMA-06.15.23-Final.pdf
7, PREVIEW, /Shared/Sample Docs/IMAS/GoldmanSachs - IMA.pdf
8, PREVIEW, /Shared/Sample Docs/IMAS/inv_mgmt_services_agreement.pdf
7, ADD_FILE, /Shared/Sample Docs/IMAS/Sample Investment Manager Agreement.pdf
6, PREVIEW, /Shared/Sample Docs/IMAS/GoldmanSachs - IMA.pdf
1, DOWNLOAD, /Shared/Sample Docs/IMAS/Investment-Management-Agreement-IMA-06.15.23-Final.pdf
8, PREVIEW, /Shared/Sample Docs/IMAS/Investment-Management-Agreement-IMA-06.15.23-Final.pdf
8, DOWNLOAD, /Shared/Sample Docs/IMAS/inv_mgmt_services_agreement.pdf
6, ADD_FILE, /Shared/Sample Docs/IMAS/inv_mgmt_services_agreement.pdf
8, PREVIEW, /Shared/Sample Docs/IMAS/Sample Investment Manager Agreement.pdf
,,
,,
1, PREVIEW, /Shared/Sample Docs/Investor Suitability Questionnaire/Investor-Suitability-Profile-Questionnaire.pdf
6, ADD_FILE, /Shared/Sample Docs/Investor Suitability Questionnaire/Suitability_Assessment_Form_Corporate.pdf
5, PREVIEW, /Shared/Sample Docs/Investor Suitability Questionnaire/Investor Suitability Questionnaire - Sample 1.pdf
5, DOWNLOAD, /Shared/Sample Docs/Investor Suitability Questionnaire/Investor Suitability Questionnaire - Sample 1.pdf
5, PREVIEW, /Shared/Sample Docs/Investor Suitability Questionnaire/Suitability_Assessment_Form_Corporate.pdf
5, ADD_FILE, /Shared/Sample Docs/Investor Suitability Questionnaire/Investor Suitability Questionnaire - Sample 1.pdf
7, DOWNLOAD, /Shared/Sample Docs/Investor Suitability Questionnaire/Suitability_Assessment_Form_Corporate.pdf
8, DOWNLOAD, /Shared/Sample Docs/Investor Suitability Questionnaire/Investor-Suitability-Profile-Questionnaire.pdf
7, ADD_FILE, /Shared/Sample Docs/Investor Suitability Questionnaire/Suitability_Assessment_Form_Corporate.pdf
7, PREVIEW, /Shared/Sample Docs/Investor Suitability Questionnaire/Investor-Suitability-Profile-Questionnaire.pdf
8, PREVIEW, /Shared/Sample Docs/Investor Suitability Questionnaire/Investor-Suitability-Profile-Questionnaire.pdf
8, ADD_FILE, /Shared/Sample Docs/Investor Suitability Questionnaire/Suitability_Assessment_Form_Corporate.pdf
1, DOWNLOAD, /Shared/Sample Docs/Investor Suitability Questionnaire/Investor-Suitability-Profile-Questionnaire.pdf
8, DOWNLOAD, /Shared/Sample Docs/Investor Suitability Questionnaire/Investor Suitability Questionnaire - Sample 1.pdf
8, PREVIEW, /Shared/Sample Docs/Investor Suitability Questionnaire/Suitability_Assessment_Form_Corporate.pdf
5, ADD_FILE, /Shared/Sample Docs/Investor Suitability Questionnaire/Investor-Suitability-Profile-Questionnaire.pdf
6, ADD_FILE, /Shared/Sample Docs/Investor Suitability Questionnaire/Investor Suitability Questionnaire - Sample 1.pdf
8, DOWNLOAD, /Shared/Sample Docs/Investor Suitability Questionnaire/Suitability_Assessment_Form_Corporate.pdf
6, ADD_FILE, /Shared/Sample Docs/Investor Suitability Questionnaire/Investor-Suitability-Profile-Questionnaire.pdf
6, DOWNLOAD, /Shared/Sample Docs/Investor Suitability Questionnaire/Suitability_Assessment_Form_Corporate.pdf
5, PREVIEW, /Shared/Sample Docs/Investor Suitability Questionnaire/Investor-Suitability-Profile-Questionnaire.pdf
8, PREVIEW, /Shared/Sample Docs/Investor Suitability Questionnaire/Investor Suitability Questionnaire - Sample 1.pdf
1, DOWNLOAD, /Shared/Sample Docs/Investor Suitability Questionnaire/Investor Suitability Questionnaire - Sample 1.pdf
7, PREVIEW, /Shared/Sample Docs/Investor Suitability Questionnaire/Suitability_Assessment_Form_Corporate.pdf
6, PREVIEW, /Shared/Sample Docs/Investor Suitability Questionnaire/Investor-Suitability-Profile-Questionnaire.pdf
7, DOWNLOAD, /Shared/Sample Docs/Investor Suitability Questionnaire/Investor Suitability Questionnaire - Sample 1.pdf
1, PREVIEW, /Shared/Sample Docs/Investor Suitability Questionnaire/Suitability_Assessment_Form_Corporate.pdf
1, ADD_FILE, /Shared/Sample Docs/Investor Suitability Questionnaire/Investor Suitability Questionnaire - Sample 1.pdf
7, ADD_FILE, /Shared/Sample Docs/Investor Suitability Questionnaire/Investor Suitability Questionnaire - Sample 1.pdf
7, ADD_FILE, /Shared/Sample Docs/Investor Suitability Questionnaire/Investor-Suitability-Profile-Questionnaire.pdf
7, DOWNLOAD, /Shared/Sample Docs/Investor Suitability Questionnaire/Investor-Suitability-Profile-Questionnaire.pdf
8, ADD_FILE, /Shared/Sample Docs/Investor Suitability Questionnaire/Investor Suitability Questionnaire - Sample 1.pdf
5, DOWNLOAD, /Shared/Sample Docs/Investor Suitability Questionnaire/Investor-Suitability-Profile-Questionnaire.pdf
6, PREVIEW, /Shared/Sample Docs/Investor Suitability Questionnaire/Investor Suitability Questionnaire - Sample 1.pdf
8, ADD_FILE, /Shared/Sample Docs/Investor Suitability Questionnaire/Investor-Suitability-Profile-Questionnaire.pdf
1, ADD_FILE, /Shared/Sample Docs/Investor Suitability Questionnaire/Suitability_Assessment_Form_Corporate.pdf
5, DOWNLOAD, /Shared/Sample Docs/Investor Suitability Questionnaire/Suitability_Assessment_Form_Corporate.pdf
5, ADD_FILE, /Shared/Sample Docs/Investor Suitability Questionnaire/Suitability_Assessment_Form_Corporate.pdf
6, DOWNLOAD, /Shared/Sample Docs/Investor Suitability Questionnaire/Investor Suitability Questionnaire - Sample 1.pdf
6, DOWNLOAD, /Shared/Sample Docs/Investor Suitability Questionnaire/Investor-Suitability-Profile-Questionnaire.pdf
1, DOWNLOAD, /Shared/Sample Docs/Investor Suitability Questionnaire/Suitability_Assessment_Form_Corporate.pdf
1, PREVIEW, /Shared/Sample Docs/Investor Suitability Questionnaire/Investor Suitability Questionnaire - Sample 1.pdf
1, ADD_FILE, /Shared/Sample Docs/Investor Suitability Questionnaire/Investor-Suitability-Profile-Questionnaire.pdf
7, PREVIEW, /Shared/Sample Docs/Investor Suitability Questionnaire/Investor Suitability Questionnaire - Sample 1.pdf
6, PREVIEW, /Shared/Sample Docs/Investor Suitability Questionnaire/Suitability_Assessment_Form_Corporate.pdf
,,
,,
5, DOWNLOAD, /Shared/Sample Docs/IPSs/IPS - Sample1.pdf
5, PREVIEW, /Shared/Sample Docs/IPSs/Sample-Institutional-IPS.pdf
6, ADD_FILE, /Shared/Sample Docs/IPSs/pdf_Investment Policy Statement Review.pdf
1, PREVIEW, /Shared/Sample Docs/IPSs/pdf_Investment Policy Statement Review.pdf
6, PREVIEW, /Shared/Sample Docs/IPSs/pdf_Investment Policy Statement Review.pdf
7, DOWNLOAD, /Shared/Sample Docs/IPSs/pdf_Investment Policy Statement Review.pdf
8, DOWNLOAD, /Shared/Sample Docs/IPSs/3-Investment-Policy-Statement.pdf
8, ADD_FILE, /Shared/Sample Docs/IPSs/IPS - Sample1.pdf
6, PREVIEW, /Shared/Sample Docs/IPSs/Managing Hedge Fund Managers - 2009 - Stavetski - Appendix A  Sample Investment Policy Statement.pdf
1, ADD_FILE, /Shared/Sample Docs/IPSs/Sample-Institutional-IPS.pdf
5, ADD_FILE, /Shared/Sample Docs/IPSs/Managing Hedge Fund Managers - 2009 - Stavetski - Appendix A  Sample Investment Policy Statement.pdf
5, ADD_FILE, /Shared/Sample Docs/IPSs/pdf_Investment Policy Statement Review.pdf
6, DOWNLOAD, /Shared/Sample Docs/IPSs/Sample-Investment-Policy-Statement.pdf
1, DOWNLOAD, /Shared/Sample Docs/IPSs/pdf_Investment Policy Statement Review.pdf
8, ADD_FILE, /Shared/Sample Docs/IPSs/Sample-Institutional-IPS.pdf
7, PREVIEW, /Shared/Sample Docs/IPSs/Managing Hedge Fund Managers - 2009 - Stavetski - Appendix A  Sample Investment Policy Statement.pdf
8, DOWNLOAD, /Shared/Sample Docs/IPSs/pdf_Investment Policy Statement Review.pdf
7, PREVIEW, /Shared/Sample Docs/IPSs/pdf_Investment Policy Statement Review.pdf
1, ADD_FILE, /Shared/Sample Docs/IPSs/Sample-Investment-Policy-Statement.pdf
8, PREVIEW, /Shared/Sample Docs/IPSs/Managing Hedge Fund Managers - 2009 - Stavetski - Appendix A  Sample Investment Policy Statement.pdf
1, PREVIEW, /Shared/Sample Docs/IPSs/Managing Hedge Fund Managers - 2009 - Stavetski - Appendix A  Sample Investment Policy Statement.pdf
8, ADD_FILE, /Shared/Sample Docs/IPSs/pdf_Investment Policy Statement Review.pdf
5, ADD_FILE, /Shared/Sample Docs/IPSs/3-Investment-Policy-Statement.pdf
7, ADD_FILE, /Shared/Sample Docs/IPSs/Sample-Institutional-IPS.pdf
8, DOWNLOAD, /Shared/Sample Docs/IPSs/Sample-Investment-Policy-Statement.pdf
1, ADD_FILE, /Shared/Sample Docs/IPSs/Managing Hedge Fund Managers - 2009 - Stavetski - Appendix A  Sample Investment Policy Statement.pdf
5, PREVIEW, /Shared/Sample Docs/IPSs/IPS - Sample1.pdf
8, PREVIEW, /Shared/Sample Docs/IPSs/pdf_Investment Policy Statement Review.pdf
6, DOWNLOAD, /Shared/Sample Docs/IPSs/Sample-Institutional-IPS.pdf
8, PREVIEW, /Shared/Sample Docs/IPSs/3-Investment-Policy-Statement.pdf
1, DOWNLOAD, /Shared/Sample Docs/IPSs/Sample-Institutional-IPS.pdf
1, PREVIEW, /Shared/Sample Docs/IPSs/IPS - Sample1.pdf
7, PREVIEW, /Shared/Sample Docs/IPSs/3-Investment-Policy-Statement.pdf
6, PREVIEW, /Shared/Sample Docs/IPSs/3-Investment-Policy-Statement.pdf
5, PREVIEW, /Shared/Sample Docs/IPSs/3-Investment-Policy-Statement.pdf
6, PREVIEW, /Shared/Sample Docs/IPSs/Sample-Institutional-IPS.pdf
1, PREVIEW, /Shared/Sample Docs/IPSs/3-Investment-Policy-Statement.pdf
8, PREVIEW, /Shared/Sample Docs/IPSs/Sample-Institutional-IPS.pdf
1, ADD_FILE, /Shared/Sample Docs/IPSs/IPS - Sample1.pdf
7, ADD_FILE, /Shared/Sample Docs/IPSs/IPS - Sample1.pdf
5, ADD_FILE, /Shared/Sample Docs/IPSs/Sample-Investment-Policy-Statement.pdf
1, DOWNLOAD, /Shared/Sample Docs/IPSs/Managing Hedge Fund Managers - 2009 - Stavetski - Appendix A  Sample Investment Policy Statement.pdf
7, ADD_FILE, /Shared/Sample Docs/IPSs/3-Investment-Policy-Statement.pdf
7, DOWNLOAD, /Shared/Sample Docs/IPSs/Sample-Institutional-IPS.pdf
6, ADD_FILE, /Shared/Sample Docs/IPSs/Managing Hedge Fund Managers - 2009 - Stavetski - Appendix A  Sample Investment Policy Statement.pdf
5, ADD_FILE, /Shared/Sample Docs/IPSs/IPS - Sample1.pdf
6, PREVIEW, /Shared/Sample Docs/IPSs/Sample-Investment-Policy-Statement.pdf
1, ADD_FILE, /Shared/Sample Docs/IPSs/3-Investment-Policy-Statement.pdf
5, ADD_FILE, /Shared/Sample Docs/IPSs/Sample-Institutional-IPS.pdf
8, DOWNLOAD, /Shared/Sample Docs/IPSs/IPS - Sample1.pdf
5, DOWNLOAD, /Shared/Sample Docs/IPSs/Sample-Investment-Policy-Statement.pdf
6, ADD_FILE, /Shared/Sample Docs/IPSs/IPS - Sample1.pdf
8, PREVIEW, /Shared/Sample Docs/IPSs/IPS - Sample1.pdf
7, DOWNLOAD, /Shared/Sample Docs/IPSs/Sample-Investment-Policy-Statement.pdf
5, PREVIEW, /Shared/Sample Docs/IPSs/Sample-Investment-Policy-Statement.pdf
6, ADD_FILE, /Shared/Sample Docs/IPSs/3-Investment-Policy-Statement.pdf
5, DOWNLOAD, /Shared/Sample Docs/IPSs/pdf_Investment Policy Statement Review.pdf
5, DOWNLOAD, /Shared/Sample Docs/IPSs/Managing Hedge Fund Managers - 2009 - Stavetski - Appendix A  Sample Investment Policy Statement.pdf
7, PREVIEW, /Shared/Sample Docs/IPSs/IPS - Sample1.pdf
5, DOWNLOAD, /Shared/Sample Docs/IPSs/3-Investment-Policy-Statement.pdf
8, DOWNLOAD, /Shared/Sample Docs/IPSs/Sample-Institutional-IPS.pdf
1, DOWNLOAD, /Shared/Sample Docs/IPSs/IPS - Sample1.pdf
7, DOWNLOAD, /Shared/Sample Docs/IPSs/IPS - Sample1.pdf
5, PREVIEW, /Shared/Sample Docs/IPSs/pdf_Investment Policy Statement Review.pdf
1, PREVIEW, /Shared/Sample Docs/IPSs/Sample-Investment-Policy-Statement.pdf
5, DOWNLOAD, /Shared/Sample Docs/IPSs/Sample-Institutional-IPS.pdf
1, DOWNLOAD, /Shared/Sample Docs/IPSs/Sample-Investment-Policy-Statement.pdf
5, PREVIEW, /Shared/Sample Docs/IPSs/Managing Hedge Fund Managers - 2009 - Stavetski - Appendix A  Sample Investment Policy Statement.pdf
1, ADD_FILE, /Shared/Sample Docs/IPSs/pdf_Investment Policy Statement Review.pdf
6, PREVIEW, /Shared/Sample Docs/IPSs/IPS - Sample1.pdf
7, DOWNLOAD, /Shared/Sample Docs/IPSs/Managing Hedge Fund Managers - 2009 - Stavetski - Appendix A  Sample Investment Policy Statement.pdf
8, PREVIEW, /Shared/Sample Docs/IPSs/Sample-Investment-Policy-Statement.pdf
6, DOWNLOAD, /Shared/Sample Docs/IPSs/Managing Hedge Fund Managers - 2009 - Stavetski - Appendix A  Sample Investment Policy Statement.pdf
1, DOWNLOAD, /Shared/Sample Docs/IPSs/3-Investment-Policy-Statement.pdf
8, ADD_FILE, /Shared/Sample Docs/IPSs/3-Investment-Policy-Statement.pdf
8, ADD_FILE, /Shared/Sample Docs/IPSs/Sample-Investment-Policy-Statement.pdf
6, DOWNLOAD, /Shared/Sample Docs/IPSs/3-Investment-Policy-Statement.pdf
8, ADD_FILE, /Shared/Sample Docs/IPSs/Managing Hedge Fund Managers - 2009 - Stavetski - Appendix A  Sample Investment Policy Statement.pdf
7, ADD_FILE, /Shared/Sample Docs/IPSs/Sample-Investment-Policy-Statement.pdf
7, PREVIEW, /Shared/Sample Docs/IPSs/Sample-Investment-Policy-Statement.pdf
6, DOWNLOAD, /Shared/Sample Docs/IPSs/IPS - Sample1.pdf
6, DOWNLOAD, /Shared/Sample Docs/IPSs/pdf_Investment Policy Statement Review.pdf
7, ADD_FILE, /Shared/Sample Docs/IPSs/pdf_Investment Policy Statement Review.pdf
6, ADD_FILE, /Shared/Sample Docs/IPSs/Sample-Institutional-IPS.pdf
7, DOWNLOAD, /Shared/Sample Docs/IPSs/3-Investment-Policy-Statement.pdf
1, PREVIEW, /Shared/Sample Docs/IPSs/Sample-Institutional-IPS.pdf
6, ADD_FILE, /Shared/Sample Docs/IPSs/Sample-Investment-Policy-Statement.pdf
7, PREVIEW, /Shared/Sample Docs/IPSs/Sample-Institutional-IPS.pdf
7, ADD_FILE, /Shared/Sample Docs/IPSs/Managing Hedge Fund Managers - 2009 - Stavetski - Appendix A  Sample Investment Policy Statement.pdf
8, DOWNLOAD, /Shared/Sample Docs/IPSs/Managing Hedge Fund Managers - 2009 - Stavetski - Appendix A  Sample Investment Policy Statement.pdf
,,
,,
7, DOWNLOAD, /Shared/Sample Docs/LPAs/ILPA-Model-Limited-Parnership-Agreement-Deal-By-Deal.pdf
1, DOWNLOAD, /Shared/Sample Docs/LPAs/Limited-Partnership-Agreement.pdf
7, DOWNLOAD, /Shared/Sample Docs/LPAs/Limited-Partnership-Agreement.pdf
1, ADD_FILE, /Shared/Sample Docs/LPAs/ILPA-Model-Limited-Partnership-Agreement-WOF.pdf
5, ADD_FILE, /Shared/Sample Docs/LPAs/Limited Partnership Agreement of the Fund.pdf
7, ADD_FILE, /Shared/Sample Docs/LPAs/ILPA-Model-Limited-Parnership-Agreement-Deal-By-Deal.pdf
8, PREVIEW, /Shared/Sample Docs/LPAs/ILPA-Model-Limited-Parnership-Agreement-Deal-By-Deal.pdf
6, PREVIEW, /Shared/Sample Docs/LPAs/Limited Partnership Agreement of the Fund.pdf
5, PREVIEW, /Shared/Sample Docs/LPAs/ILPA-Model-Limited-Parnership-Agreement-Deal-By-Deal.pdf
8, ADD_FILE, /Shared/Sample Docs/LPAs/Limited-Partnership-Agreement.pdf
5, PREVIEW, /Shared/Sample Docs/LPAs/Limited Partnership Agreement of the Fund.pdf
8, DOWNLOAD, /Shared/Sample Docs/LPAs/Limited-Partnership-Agreement.pdf
8, PREVIEW, /Shared/Sample Docs/LPAs/Limited Partnership Agreement of the Fund.pdf
1, PREVIEW, /Shared/Sample Docs/LPAs/Limited Partnership Agreement of the Fund.pdf
1, PREVIEW, /Shared/Sample Docs/LPAs/Limited-Partnership-Agreement.pdf
7, DOWNLOAD, /Shared/Sample Docs/LPAs/Limited Partnership Agreement of the Fund.pdf
5, PREVIEW, /Shared/Sample Docs/LPAs/Limited-Partnership-Agreement.pdf
8, ADD_FILE, /Shared/Sample Docs/LPAs/ILPA-Model-Limited-Parnership-Agreement-Deal-By-Deal.pdf
6, PREVIEW, /Shared/Sample Docs/LPAs/Limited-Partnership-Agreement.pdf
7, PREVIEW, /Shared/Sample Docs/LPAs/Limited-Partnership-Agreement.pdf
8, DOWNLOAD, /Shared/Sample Docs/LPAs/ILPA-Model-Limited-Parnership-Agreement-Deal-By-Deal.pdf
5, DOWNLOAD, /Shared/Sample Docs/LPAs/Limited Partnership Agreement of the Fund.pdf
8, PREVIEW, /Shared/Sample Docs/LPAs/Limited-Partnership-Agreement.pdf
6, ADD_FILE, /Shared/Sample Docs/LPAs/ILPA-Model-Limited-Partnership-Agreement-WOF.pdf
1, PREVIEW, /Shared/Sample Docs/LPAs/ILPA-Model-Limited-Partnership-Agreement-WOF.pdf
8, ADD_FILE, /Shared/Sample Docs/LPAs/ILPA-Model-Limited-Partnership-Agreement-WOF.pdf
7, PREVIEW, /Shared/Sample Docs/LPAs/ILPA-Model-Limited-Parnership-Agreement-Deal-By-Deal.pdf
8, ADD_FILE, /Shared/Sample Docs/LPAs/Limited Partnership Agreement of the Fund.pdf
1, PREVIEW, /Shared/Sample Docs/LPAs/ILPA-Model-Limited-Parnership-Agreement-Deal-By-Deal.pdf
1, ADD_FILE, /Shared/Sample Docs/LPAs/ILPA-Model-Limited-Parnership-Agreement-Deal-By-Deal.pdf
1, DOWNLOAD, /Shared/Sample Docs/LPAs/ILPA-Model-Limited-Partnership-Agreement-WOF.pdf
5, DOWNLOAD, /Shared/Sample Docs/LPAs/ILPA-Model-Limited-Parnership-Agreement-Deal-By-Deal.pdf
8, PREVIEW, /Shared/Sample Docs/LPAs/ILPA-Model-Limited-Partnership-Agreement-WOF.pdf
6, ADD_FILE, /Shared/Sample Docs/LPAs/Limited Partnership Agreement of the Fund.pdf
1, DOWNLOAD, /Shared/Sample Docs/LPAs/Limited Partnership Agreement of the Fund.pdf
5, ADD_FILE, /Shared/Sample Docs/LPAs/ILPA-Model-Limited-Parnership-Agreement-Deal-By-Deal.pdf
1, DOWNLOAD, /Shared/Sample Docs/LPAs/ILPA-Model-Limited-Parnership-Agreement-Deal-By-Deal.pdf
5, DOWNLOAD, /Shared/Sample Docs/LPAs/ILPA-Model-Limited-Partnership-Agreement-WOF.pdf
6, DOWNLOAD, /Shared/Sample Docs/LPAs/ILPA-Model-Limited-Partnership-Agreement-WOF.pdf
6, ADD_FILE, /Shared/Sample Docs/LPAs/Limited-Partnership-Agreement.pdf
5, ADD_FILE, /Shared/Sample Docs/LPAs/Limited-Partnership-Agreement.pdf
7, DOWNLOAD, /Shared/Sample Docs/LPAs/ILPA-Model-Limited-Partnership-Agreement-WOF.pdf
5, DOWNLOAD, /Shared/Sample Docs/LPAs/Limited-Partnership-Agreement.pdf
7, PREVIEW, /Shared/Sample Docs/LPAs/ILPA-Model-Limited-Partnership-Agreement-WOF.pdf
6, PREVIEW, /Shared/Sample Docs/LPAs/ILPA-Model-Limited-Parnership-Agreement-Deal-By-Deal.pdf
6, DOWNLOAD, /Shared/Sample Docs/LPAs/ILPA-Model-Limited-Parnership-Agreement-Deal-By-Deal.pdf
8, DOWNLOAD, /Shared/Sample Docs/LPAs/Limited Partnership Agreement of the Fund.pdf
6, ADD_FILE, /Shared/Sample Docs/LPAs/ILPA-Model-Limited-Parnership-Agreement-Deal-By-Deal.pdf
1, ADD_FILE, /Shared/Sample Docs/LPAs/Limited Partnership Agreement of the Fund.pdf
8, DOWNLOAD, /Shared/Sample Docs/LPAs/ILPA-Model-Limited-Partnership-Agreement-WOF.pdf
1, ADD_FILE, /Shared/Sample Docs/LPAs/Limited-Partnership-Agreement.pdf
6, PREVIEW, /Shared/Sample Docs/LPAs/ILPA-Model-Limited-Partnership-Agreement-WOF.pdf
7, PREVIEW, /Shared/Sample Docs/LPAs/Limited Partnership Agreement of the Fund.pdf
7, ADD_FILE, /Shared/Sample Docs/LPAs/ILPA-Model-Limited-Partnership-Agreement-WOF.pdf
5, ADD_FILE, /Shared/Sample Docs/LPAs/ILPA-Model-Limited-Partnership-Agreement-WOF.pdf
6, DOWNLOAD, /Shared/Sample Docs/LPAs/Limited-Partnership-Agreement.pdf
7, ADD_FILE, /Shared/Sample Docs/LPAs/Limited-Partnership-Agreement.pdf
5, PREVIEW, /Shared/Sample Docs/LPAs/ILPA-Model-Limited-Partnership-Agreement-WOF.pdf
7, ADD_FILE, /Shared/Sample Docs/LPAs/Limited Partnership Agreement of the Fund.pdf
,,
,,
7, DOWNLOAD, /Shared/Sample Docs/NDA/Deltek Mutual NDA - US_Egnyte.docx
8, PREVIEW, /Shared/Sample Docs/NDA/Cocoon Data Holdings Pty Ltd - NDA.docx
7, DOWNLOAD, /Shared/Sample Docs/NDA/Bublup_mNDA.docx
1, DOWNLOAD, /Shared/Sample Docs/NDA/Tenna NDA - 2022.doc
1, PREVIEW, /Shared/Sample Docs/NDA/Cocoon Data Holdings Pty Ltd - NDA.docx
8, ADD_FILE, /Shared/Sample Docs/NDA/Deltek Mutual NDA - US_Egnyte.docx
6, ADD_FILE, /Shared/Sample Docs/NDA/Reciprocal NDA.doc
8, DOWNLOAD, /Shared/Sample Docs/NDA/Deltek Mutual NDA - US_Egnyte.docx
7, DOWNLOAD, /Shared/Sample Docs/NDA/Cocoon Data Holdings Pty Ltd - NDA.docx
5, DOWNLOAD, /Shared/Sample Docs/NDA/Bublup_mNDA.docx
1, DOWNLOAD, /Shared/Sample Docs/NDA/Deltek Mutual NDA - US_Egnyte.docx
8, DOWNLOAD, /Shared/Sample Docs/NDA/Reciprocal NDA.doc
6, PREVIEW, /Shared/Sample Docs/NDA/Tenna NDA - 2022.doc
7, DOWNLOAD, /Shared/Sample Docs/NDA/Reciprocal NDA.doc
5, PREVIEW, /Shared/Sample Docs/NDA/Reciprocal NDA.doc
5, PREVIEW, /Shared/Sample Docs/NDA/Deltek Mutual NDA - US_Egnyte.docx
7, PREVIEW, /Shared/Sample Docs/NDA/Tenna NDA - 2022.doc
6, PREVIEW, /Shared/Sample Docs/NDA/Deltek Mutual NDA - US_Egnyte.docx
8, PREVIEW, /Shared/Sample Docs/NDA/Bublup_mNDA.docx
6, ADD_FILE, /Shared/Sample Docs/NDA/Bublup_mNDA.docx
7, PREVIEW, /Shared/Sample Docs/NDA/Deltek Mutual NDA - US_Egnyte.docx
1, PREVIEW, /Shared/Sample Docs/NDA/Bublup_mNDA.docx
1, DOWNLOAD, /Shared/Sample Docs/NDA/Bublup_mNDA.docx
1, PREVIEW, /Shared/Sample Docs/NDA/Deltek Mutual NDA - US_Egnyte.docx
1, ADD_FILE, /Shared/Sample Docs/NDA/Tenna NDA - 2022.doc
8, PREVIEW, /Shared/Sample Docs/NDA/Tenna NDA - 2022.doc
6, DOWNLOAD, /Shared/Sample Docs/NDA/Reciprocal NDA.doc
1, DOWNLOAD, /Shared/Sample Docs/NDA/Reciprocal NDA.doc
7, PREVIEW, /Shared/Sample Docs/NDA/Reciprocal NDA.doc
1, PREVIEW, /Shared/Sample Docs/NDA/Tenna NDA - 2022.doc
8, ADD_FILE, /Shared/Sample Docs/NDA/Tenna NDA - 2022.doc
5, ADD_FILE, /Shared/Sample Docs/NDA/Reciprocal NDA.doc
5, DOWNLOAD, /Shared/Sample Docs/NDA/Tenna NDA - 2022.doc
1, DOWNLOAD, /Shared/Sample Docs/NDA/Cocoon Data Holdings Pty Ltd - NDA.docx
6, ADD_FILE, /Shared/Sample Docs/NDA/Deltek Mutual NDA - US_Egnyte.docx
1, ADD_FILE, /Shared/Sample Docs/NDA/Cocoon Data Holdings Pty Ltd - NDA.docx
8, ADD_FILE, /Shared/Sample Docs/NDA/Bublup_mNDA.docx
8, DOWNLOAD, /Shared/Sample Docs/NDA/Bublup_mNDA.docx
5, PREVIEW, /Shared/Sample Docs/NDA/Bublup_mNDA.docx
5, PREVIEW, /Shared/Sample Docs/NDA/Cocoon Data Holdings Pty Ltd - NDA.docx
7, ADD_FILE, /Shared/Sample Docs/NDA/Tenna NDA - 2022.doc
6, ADD_FILE, /Shared/Sample Docs/NDA/Tenna NDA - 2022.doc
5, ADD_FILE, /Shared/Sample Docs/NDA/Deltek Mutual NDA - US_Egnyte.docx
7, PREVIEW, /Shared/Sample Docs/NDA/Bublup_mNDA.docx
8, PREVIEW, /Shared/Sample Docs/NDA/Deltek Mutual NDA - US_Egnyte.docx
8, DOWNLOAD, /Shared/Sample Docs/NDA/Cocoon Data Holdings Pty Ltd - NDA.docx
6, PREVIEW, /Shared/Sample Docs/NDA/Bublup_mNDA.docx
6, DOWNLOAD, /Shared/Sample Docs/NDA/Tenna NDA - 2022.doc
1, ADD_FILE, /Shared/Sample Docs/NDA/Reciprocal NDA.doc
1, ADD_FILE, /Shared/Sample Docs/NDA/Bublup_mNDA.docx
6, PREVIEW, /Shared/Sample Docs/NDA/Cocoon Data Holdings Pty Ltd - NDA.docx
6, DOWNLOAD, /Shared/Sample Docs/NDA/Bublup_mNDA.docx
5, DOWNLOAD, /Shared/Sample Docs/NDA/Reciprocal NDA.doc
7, ADD_FILE, /Shared/Sample Docs/NDA/Reciprocal NDA.doc
6, ADD_FILE, /Shared/Sample Docs/NDA/Cocoon Data Holdings Pty Ltd - NDA.docx
7, ADD_FILE, /Shared/Sample Docs/NDA/Deltek Mutual NDA - US_Egnyte.docx
5, ADD_FILE, /Shared/Sample Docs/NDA/Tenna NDA - 2022.doc
5, ADD_FILE, /Shared/Sample Docs/NDA/Bublup_mNDA.docx
1, ADD_FILE, /Shared/Sample Docs/NDA/Deltek Mutual NDA - US_Egnyte.docx
6, DOWNLOAD, /Shared/Sample Docs/NDA/Cocoon Data Holdings Pty Ltd - NDA.docx
5, ADD_FILE, /Shared/Sample Docs/NDA/Cocoon Data Holdings Pty Ltd - NDA.docx
1, PREVIEW, /Shared/Sample Docs/NDA/Reciprocal NDA.doc
5, DOWNLOAD, /Shared/Sample Docs/NDA/Deltek Mutual NDA - US_Egnyte.docx
5, PREVIEW, /Shared/Sample Docs/NDA/Tenna NDA - 2022.doc
6, PREVIEW, /Shared/Sample Docs/NDA/Reciprocal NDA.doc
5, DOWNLOAD, /Shared/Sample Docs/NDA/Cocoon Data Holdings Pty Ltd - NDA.docx
7, DOWNLOAD, /Shared/Sample Docs/NDA/Tenna NDA - 2022.doc
7, ADD_FILE, /Shared/Sample Docs/NDA/Bublup_mNDA.docx
8, ADD_FILE, /Shared/Sample Docs/NDA/Cocoon Data Holdings Pty Ltd - NDA.docx
7, PREVIEW, /Shared/Sample Docs/NDA/Cocoon Data Holdings Pty Ltd - NDA.docx
8, PREVIEW, /Shared/Sample Docs/NDA/Reciprocal NDA.doc
7, ADD_FILE, /Shared/Sample Docs/NDA/Cocoon Data Holdings Pty Ltd - NDA.docx
8, DOWNLOAD, /Shared/Sample Docs/NDA/Tenna NDA - 2022.doc
6, DOWNLOAD, /Shared/Sample Docs/NDA/Deltek Mutual NDA - US_Egnyte.docx
8, ADD_FILE, /Shared/Sample Docs/NDA/Reciprocal NDA.doc
,,
,,
7, PREVIEW, /Shared/Sample Docs/PPMs/PPM-IIFCL-MF-FINAL-23.03.2017-FOR-WEBSITE-1.pdf
6, ADD_FILE, /Shared/Sample Docs/PPMs/IIFCL-Mutual-Fund-Infrastructure-Debt-Fund-Series-I.pdf
8, DOWNLOAD, /Shared/Sample Docs/PPMs/PPM-IIFCL-MF-FINAL-23.03.2017-FOR-WEBSITE-1.pdf
7, ADD_FILE, /Shared/Sample Docs/PPMs/private-placement-memorandum.pdf
5, ADD_FILE, /Shared/Sample Docs/PPMs/private-placement-memorandum.pdf
5, DOWNLOAD, /Shared/Sample Docs/PPMs/ppm_sample.pdf
5, ADD_FILE, /Shared/Sample Docs/PPMs/PPM-IIFCL-MF-FINAL-23.03.2017-FOR-WEBSITE-1.pdf
6, DOWNLOAD, /Shared/Sample Docs/PPMs/ppm_sample.pdf
8, DOWNLOAD, /Shared/Sample Docs/PPMs/PPM - Blackcommerce LLC.pdf
1, DOWNLOAD, /Shared/Sample Docs/PPMs/IIFCL-Mutual-Fund-Infrastructure-Debt-Fund-Series-I.pdf
1, ADD_FILE, /Shared/Sample Docs/PPMs/PPM - Blackcommerce LLC.pdf
6, DOWNLOAD, /Shared/Sample Docs/PPMs/PPM - Blackcommerce LLC.pdf
6, PREVIEW, /Shared/Sample Docs/PPMs/private-placement-memorandum.pdf
1, PREVIEW, /Shared/Sample Docs/PPMs/PPM - Blackcommerce LLC.pdf
7, DOWNLOAD, /Shared/Sample Docs/PPMs/IIFCL-Mutual-Fund-Infrastructure-Debt-Fund-Series-I.pdf
6, DOWNLOAD, /Shared/Sample Docs/PPMs/private-placement-memorandum.pdf
6, ADD_FILE, /Shared/Sample Docs/PPMs/ppm_sample.pdf
7, DOWNLOAD, /Shared/Sample Docs/PPMs/private-placement-memorandum.pdf
8, DOWNLOAD, /Shared/Sample Docs/PPMs/private-placement-memorandum.pdf
8, PREVIEW, /Shared/Sample Docs/PPMs/PPM-IIFCL-MF-FINAL-23.03.2017-FOR-WEBSITE-1.pdf
5, PREVIEW, /Shared/Sample Docs/PPMs/IIFCL-Mutual-Fund-Infrastructure-Debt-Fund-Series-I.pdf
1, PREVIEW, /Shared/Sample Docs/PPMs/ppm_sample.pdf
6, ADD_FILE, /Shared/Sample Docs/PPMs/PPM-IIFCL-MF-FINAL-23.03.2017-FOR-WEBSITE-1.pdf
6, PREVIEW, /Shared/Sample Docs/PPMs/ppm_sample.pdf
5, ADD_FILE, /Shared/Sample Docs/PPMs/IIFCL-Mutual-Fund-Infrastructure-Debt-Fund-Series-I.pdf
1, DOWNLOAD, /Shared/Sample Docs/PPMs/private-placement-memorandum.pdf
6, ADD_FILE, /Shared/Sample Docs/PPMs/PPM - Blackcommerce LLC.pdf
7, PREVIEW, /Shared/Sample Docs/PPMs/IIFCL-Mutual-Fund-Infrastructure-Debt-Fund-Series-I.pdf
6, PREVIEW, /Shared/Sample Docs/PPMs/IIFCL-Mutual-Fund-Infrastructure-Debt-Fund-Series-I.pdf
8, ADD_FILE, /Shared/Sample Docs/PPMs/PPM - Blackcommerce LLC.pdf
7, PREVIEW, /Shared/Sample Docs/PPMs/private-placement-memorandum.pdf
8, ADD_FILE, /Shared/Sample Docs/PPMs/IIFCL-Mutual-Fund-Infrastructure-Debt-Fund-Series-I.pdf
5, DOWNLOAD, /Shared/Sample Docs/PPMs/private-placement-memorandum.pdf
7, DOWNLOAD, /Shared/Sample Docs/PPMs/ppm_sample.pdf
1, ADD_FILE, /Shared/Sample Docs/PPMs/private-placement-memorandum.pdf
8, PREVIEW, /Shared/Sample Docs/PPMs/IIFCL-Mutual-Fund-Infrastructure-Debt-Fund-Series-I.pdf
8, ADD_FILE, /Shared/Sample Docs/PPMs/ppm_sample.pdf
1, PREVIEW, /Shared/Sample Docs/PPMs/private-placement-memorandum.pdf
1, ADD_FILE, /Shared/Sample Docs/PPMs/ppm_sample.pdf
5, PREVIEW, /Shared/Sample Docs/PPMs/PPM-IIFCL-MF-FINAL-23.03.2017-FOR-WEBSITE-1.pdf
8, ADD_FILE, /Shared/Sample Docs/PPMs/private-placement-memorandum.pdf
6, DOWNLOAD, /Shared/Sample Docs/PPMs/IIFCL-Mutual-Fund-Infrastructure-Debt-Fund-Series-I.pdf
6, ADD_FILE, /Shared/Sample Docs/PPMs/private-placement-memorandum.pdf
1, DOWNLOAD, /Shared/Sample Docs/PPMs/PPM - Blackcommerce LLC.pdf
8, ADD_FILE, /Shared/Sample Docs/PPMs/PPM-IIFCL-MF-FINAL-23.03.2017-FOR-WEBSITE-1.pdf
5, DOWNLOAD, /Shared/Sample Docs/PPMs/PPM-IIFCL-MF-FINAL-23.03.2017-FOR-WEBSITE-1.pdf
1, PREVIEW, /Shared/Sample Docs/PPMs/IIFCL-Mutual-Fund-Infrastructure-Debt-Fund-Series-I.pdf
1, PREVIEW, /Shared/Sample Docs/PPMs/PPM-IIFCL-MF-FINAL-23.03.2017-FOR-WEBSITE-1.pdf
7, ADD_FILE, /Shared/Sample Docs/PPMs/PPM-IIFCL-MF-FINAL-23.03.2017-FOR-WEBSITE-1.pdf
6, DOWNLOAD, /Shared/Sample Docs/PPMs/PPM-IIFCL-MF-FINAL-23.03.2017-FOR-WEBSITE-1.pdf
1, ADD_FILE, /Shared/Sample Docs/PPMs/PPM-IIFCL-MF-FINAL-23.03.2017-FOR-WEBSITE-1.pdf
5, DOWNLOAD, /Shared/Sample Docs/PPMs/PPM - Blackcommerce LLC.pdf
7, DOWNLOAD, /Shared/Sample Docs/PPMs/PPM - Blackcommerce LLC.pdf
7, PREVIEW, /Shared/Sample Docs/PPMs/PPM - Blackcommerce LLC.pdf
5, ADD_FILE, /Shared/Sample Docs/PPMs/ppm_sample.pdf
5, PREVIEW, /Shared/Sample Docs/PPMs/PPM - Blackcommerce LLC.pdf
7, PREVIEW, /Shared/Sample Docs/PPMs/ppm_sample.pdf
6, PREVIEW, /Shared/Sample Docs/PPMs/PPM - Blackcommerce LLC.pdf
8, PREVIEW, /Shared/Sample Docs/PPMs/PPM - Blackcommerce LLC.pdf
6, PREVIEW, /Shared/Sample Docs/PPMs/PPM-IIFCL-MF-FINAL-23.03.2017-FOR-WEBSITE-1.pdf
1, DOWNLOAD, /Shared/Sample Docs/PPMs/ppm_sample.pdf
7, ADD_FILE, /Shared/Sample Docs/PPMs/ppm_sample.pdf
5, DOWNLOAD, /Shared/Sample Docs/PPMs/IIFCL-Mutual-Fund-Infrastructure-Debt-Fund-Series-I.pdf
8, DOWNLOAD, /Shared/Sample Docs/PPMs/IIFCL-Mutual-Fund-Infrastructure-Debt-Fund-Series-I.pdf
7, DOWNLOAD, /Shared/Sample Docs/PPMs/PPM-IIFCL-MF-FINAL-23.03.2017-FOR-WEBSITE-1.pdf
5, ADD_FILE, /Shared/Sample Docs/PPMs/PPM - Blackcommerce LLC.pdf
7, ADD_FILE, /Shared/Sample Docs/PPMs/PPM - Blackcommerce LLC.pdf
8, PREVIEW, /Shared/Sample Docs/PPMs/ppm_sample.pdf
5, PREVIEW, /Shared/Sample Docs/PPMs/ppm_sample.pdf
1, DOWNLOAD, /Shared/Sample Docs/PPMs/PPM-IIFCL-MF-FINAL-23.03.2017-FOR-WEBSITE-1.pdf
5, PREVIEW, /Shared/Sample Docs/PPMs/private-placement-memorandum.pdf
1, ADD_FILE, /Shared/Sample Docs/PPMs/IIFCL-Mutual-Fund-Infrastructure-Debt-Fund-Series-I.pdf
8, PREVIEW, /Shared/Sample Docs/PPMs/private-placement-memorandum.pdf
7, ADD_FILE, /Shared/Sample Docs/PPMs/IIFCL-Mutual-Fund-Infrastructure-Debt-Fund-Series-I.pdf
8, DOWNLOAD, /Shared/Sample Docs/PPMs/ppm_sample.pdf
,,
,,
5, ADD_FILE, /Shared/Sample Docs/Subscription Agreements/ILPA-Model-Subscription-Agreement-Final.pdf
6, ADD_FILE, /Shared/Sample Docs/Subscription Agreements/Sample Subscription Agreement.pdf
5, PREVIEW, /Shared/Sample Docs/Subscription Agreements/Sample-Subscription-Agreement.doc
8, DOWNLOAD, /Shared/Sample Docs/Subscription Agreements/mlc-private-equity-subscription-agreement-editable.pdf
6, DOWNLOAD, /Shared/Sample Docs/Subscription Agreements/Sample-Subscription-Agreement.doc
5, PREVIEW, /Shared/Sample Docs/Subscription Agreements/mlc-private-equity-subscription-agreement-editable.pdf
8, DOWNLOAD, /Shared/Sample Docs/Subscription Agreements/Sample Subscription Agreement.pdf
1, DOWNLOAD, /Shared/Sample Docs/Subscription Agreements/PP Subscription Agreement.pdf
5, DOWNLOAD, /Shared/Sample Docs/Subscription Agreements/mlc-private-equity-subscription-agreement-editable.pdf
8, ADD_FILE, /Shared/Sample Docs/Subscription Agreements/ILPA-Model-Subscription-Agreement-Final.pdf
6, PREVIEW, /Shared/Sample Docs/Subscription Agreements/mlc-private-equity-subscription-agreement-editable.pdf
5, PREVIEW, /Shared/Sample Docs/Subscription Agreements/ILPA-Model-Subscription-Agreement-Final.pdf
5, DOWNLOAD, /Shared/Sample Docs/Subscription Agreements/ILPA-Model-Subscription-Agreement-Final.pdf
7, DOWNLOAD, /Shared/Sample Docs/Subscription Agreements/Sample Subscription Agreement.pdf
8, DOWNLOAD, /Shared/Sample Docs/Subscription Agreements/PP Subscription Agreement.pdf
8, ADD_FILE, /Shared/Sample Docs/Subscription Agreements/Sample-Subscription-Agreement.doc
1, ADD_FILE, /Shared/Sample Docs/Subscription Agreements/Sample-Subscription-Agreement.doc
8, PREVIEW, /Shared/Sample Docs/Subscription Agreements/Sample Subscription Agreement.pdf
7, ADD_FILE, /Shared/Sample Docs/Subscription Agreements/PP Subscription Agreement.pdf
5, ADD_FILE, /Shared/Sample Docs/Subscription Agreements/PP Subscription Agreement.pdf
8, PREVIEW, /Shared/Sample Docs/Subscription Agreements/Sample-Subscription-Agreement.doc
1, ADD_FILE, /Shared/Sample Docs/Subscription Agreements/Sample Subscription Agreement.pdf
6, DOWNLOAD, /Shared/Sample Docs/Subscription Agreements/PP Subscription Agreement.pdf
7, DOWNLOAD, /Shared/Sample Docs/Subscription Agreements/mlc-private-equity-subscription-agreement-editable.pdf
7, ADD_FILE, /Shared/Sample Docs/Subscription Agreements/Sample Subscription Agreement.pdf
7, PREVIEW, /Shared/Sample Docs/Subscription Agreements/Sample-Subscription-Agreement.doc
6, DOWNLOAD, /Shared/Sample Docs/Subscription Agreements/Sample Subscription Agreement.pdf
6, PREVIEW, /Shared/Sample Docs/Subscription Agreements/Sample Subscription Agreement.pdf
7, ADD_FILE, /Shared/Sample Docs/Subscription Agreements/Sample-Subscription-Agreement.doc
1, PREVIEW, /Shared/Sample Docs/Subscription Agreements/mlc-private-equity-subscription-agreement-editable.pdf
1, ADD_FILE, /Shared/Sample Docs/Subscription Agreements/PP Subscription Agreement.pdf
1, DOWNLOAD, /Shared/Sample Docs/Subscription Agreements/mlc-private-equity-subscription-agreement-editable.pdf
5, PREVIEW, /Shared/Sample Docs/Subscription Agreements/PP Subscription Agreement.pdf
5, DOWNLOAD, /Shared/Sample Docs/Subscription Agreements/Sample-Subscription-Agreement.doc
6, PREVIEW, /Shared/Sample Docs/Subscription Agreements/ILPA-Model-Subscription-Agreement-Final.pdf
8, ADD_FILE, /Shared/Sample Docs/Subscription Agreements/Sample Subscription Agreement.pdf
6, ADD_FILE, /Shared/Sample Docs/Subscription Agreements/mlc-private-equity-subscription-agreement-editable.pdf
8, PREVIEW, /Shared/Sample Docs/Subscription Agreements/ILPA-Model-Subscription-Agreement-Final.pdf
6, PREVIEW, /Shared/Sample Docs/Subscription Agreements/Sample-Subscription-Agreement.doc
7, PREVIEW, /Shared/Sample Docs/Subscription Agreements/Sample Subscription Agreement.pdf
5, DOWNLOAD, /Shared/Sample Docs/Subscription Agreements/Sample Subscription Agreement.pdf
7, PREVIEW, /Shared/Sample Docs/Subscription Agreements/ILPA-Model-Subscription-Agreement-Final.pdf
6, ADD_FILE, /Shared/Sample Docs/Subscription Agreements/Sample-Subscription-Agreement.doc
1, ADD_FILE, /Shared/Sample Docs/Subscription Agreements/ILPA-Model-Subscription-Agreement-Final.pdf
5, PREVIEW, /Shared/Sample Docs/Subscription Agreements/Sample Subscription Agreement.pdf
6, PREVIEW, /Shared/Sample Docs/Subscription Agreements/PP Subscription Agreement.pdf
1, ADD_FILE, /Shared/Sample Docs/Subscription Agreements/mlc-private-equity-subscription-agreement-editable.pdf
6, DOWNLOAD, /Shared/Sample Docs/Subscription Agreements/ILPA-Model-Subscription-Agreement-Final.pdf
7, ADD_FILE, /Shared/Sample Docs/Subscription Agreements/mlc-private-equity-subscription-agreement-editable.pdf
7, PREVIEW, /Shared/Sample Docs/Subscription Agreements/mlc-private-equity-subscription-agreement-editable.pdf
1, PREVIEW, /Shared/Sample Docs/Subscription Agreements/ILPA-Model-Subscription-Agreement-Final.pdf
8, ADD_FILE, /Shared/Sample Docs/Subscription Agreements/PP Subscription Agreement.pdf
5, ADD_FILE, /Shared/Sample Docs/Subscription Agreements/mlc-private-equity-subscription-agreement-editable.pdf
7, PREVIEW, /Shared/Sample Docs/Subscription Agreements/PP Subscription Agreement.pdf
7, DOWNLOAD, /Shared/Sample Docs/Subscription Agreements/Sample-Subscription-Agreement.doc
6, ADD_FILE, /Shared/Sample Docs/Subscription Agreements/PP Subscription Agreement.pdf
7, ADD_FILE, /Shared/Sample Docs/Subscription Agreements/ILPA-Model-Subscription-Agreement-Final.pdf
8, DOWNLOAD, /Shared/Sample Docs/Subscription Agreements/ILPA-Model-Subscription-Agreement-Final.pdf
1, PREVIEW, /Shared/Sample Docs/Subscription Agreements/PP Subscription Agreement.pdf
5, ADD_FILE, /Shared/Sample Docs/Subscription Agreements/Sample-Subscription-Agreement.doc
5, DOWNLOAD, /Shared/Sample Docs/Subscription Agreements/PP Subscription Agreement.pdf
7, DOWNLOAD, /Shared/Sample Docs/Subscription Agreements/PP Subscription Agreement.pdf
6, ADD_FILE, /Shared/Sample Docs/Subscription Agreements/ILPA-Model-Subscription-Agreement-Final.pdf
1, PREVIEW, /Shared/Sample Docs/Subscription Agreements/Sample-Subscription-Agreement.doc
5, ADD_FILE, /Shared/Sample Docs/Subscription Agreements/Sample Subscription Agreement.pdf
1, DOWNLOAD, /Shared/Sample Docs/Subscription Agreements/Sample-Subscription-Agreement.doc
6, DOWNLOAD, /Shared/Sample Docs/Subscription Agreements/mlc-private-equity-subscription-agreement-editable.pdf
8, DOWNLOAD, /Shared/Sample Docs/Subscription Agreements/Sample-Subscription-Agreement.doc
8, ADD_FILE, /Shared/Sample Docs/Subscription Agreements/mlc-private-equity-subscription-agreement-editable.pdf
1, PREVIEW, /Shared/Sample Docs/Subscription Agreements/Sample Subscription Agreement.pdf
8, PREVIEW, /Shared/Sample Docs/Subscription Agreements/PP Subscription Agreement.pdf
1, DOWNLOAD, /Shared/Sample Docs/Subscription Agreements/ILPA-Model-Subscription-Agreement-Final.pdf
8, PREVIEW, /Shared/Sample Docs/Subscription Agreements/mlc-private-equity-subscription-agreement-editable.pdf
7, DOWNLOAD, /Shared/Sample Docs/Subscription Agreements/ILPA-Model-Subscription-Agreement-Final.pdf
1, DOWNLOAD, /Shared/Sample Docs/Subscription Agreements/Sample Subscription Agreement.pdf
,,
,,
1, DOWNLOAD, /Shared/Sample Docs/Term Sheets/CIIE Term Sheet Template.pdf
1, ADD_FILE, /Shared/Sample Docs/Term Sheets/Sample Term Sheet.pdf
7, ADD_FILE, /Shared/Sample Docs/Term Sheets/CIIE Term Sheet Template.pdf
1, PREVIEW, /Shared/Sample Docs/Term Sheets/ILPA-Model-LPA-Term-Sheet-WOF-Version-1.pdf
5, PREVIEW, /Shared/Sample Docs/Term Sheets/Sample Term Sheet.pdf
7, PREVIEW, /Shared/Sample Docs/Term Sheets/Sample Term Sheet.pdf
1, DOWNLOAD, /Shared/Sample Docs/Term Sheets/ILPA-Model-LPA-Term-Sheet-WOF-Version-1.pdf
1, PREVIEW, /Shared/Sample Docs/Term Sheets/Sample Term Sheet.pdf
7, ADD_FILE, /Shared/Sample Docs/Term Sheets/ILPA-Model-LPA-Term-Sheet-WOF-Version-1.pdf
8, ADD_FILE, /Shared/Sample Docs/Term Sheets/CIIE Term Sheet Template.pdf
8, ADD_FILE, /Shared/Sample Docs/Term Sheets/ILPA-Model-LPA-Term-Sheet-WOF-Version-1.pdf
5, PREVIEW, /Shared/Sample Docs/Term Sheets/CIIE Term Sheet Template.pdf
5, ADD_FILE, /Shared/Sample Docs/Term Sheets/ILPA-Model-LPA-Term-Sheet-WOF-Version-1.pdf
7, ADD_FILE, /Shared/Sample Docs/Term Sheets/Sample Term Sheet.pdf
5, DOWNLOAD, /Shared/Sample Docs/Term Sheets/ILPA-Model-LPA-Term-Sheet-WOF-Version-1.pdf
1, DOWNLOAD, /Shared/Sample Docs/Term Sheets/Sample Term Sheet.pdf
5, PREVIEW, /Shared/Sample Docs/Term Sheets/ILPA-Model-LPA-Term-Sheet-WOF-Version-1.pdf
8, DOWNLOAD, /Shared/Sample Docs/Term Sheets/Sample Term Sheet.pdf
1, ADD_FILE, /Shared/Sample Docs/Term Sheets/ILPA-Model-LPA-Term-Sheet-WOF-Version-1.pdf
7, PREVIEW, /Shared/Sample Docs/Term Sheets/TERM_SHEET_EQUITY.pdf
5, PREVIEW, /Shared/Sample Docs/Term Sheets/TERM_SHEET_EQUITY.pdf
5, DOWNLOAD, /Shared/Sample Docs/Term Sheets/TERM_SHEET_EQUITY.pdf
7, DOWNLOAD, /Shared/Sample Docs/Term Sheets/ILPA-Model-LPA-Term-Sheet-WOF-Version-1.pdf
1, ADD_FILE, /Shared/Sample Docs/Term Sheets/TERM_SHEET_EQUITY.pdf
1, PREVIEW, /Shared/Sample Docs/Term Sheets/TERM_SHEET_EQUITY.pdf
6, PREVIEW, /Shared/Sample Docs/Term Sheets/CIIE Term Sheet Template.pdf
7, PREVIEW, /Shared/Sample Docs/Term Sheets/ILPA-Model-LPA-Term-Sheet-WOF-Version-1.pdf
6, ADD_FILE, /Shared/Sample Docs/Term Sheets/ILPA-Model-LPA-Term-Sheet-DBD-Version.pdf
8, PREVIEW, /Shared/Sample Docs/Term Sheets/ILPA-Model-LPA-Term-Sheet-DBD-Version.pdf
6, ADD_FILE, /Shared/Sample Docs/Term Sheets/TERM_SHEET_EQUITY.pdf
8, ADD_FILE, /Shared/Sample Docs/Term Sheets/ILPA-Model-LPA-Term-Sheet-DBD-Version.pdf
1, PREVIEW, /Shared/Sample Docs/Term Sheets/ILPA-Model-LPA-Term-Sheet-DBD-Version.pdf
7, DOWNLOAD, /Shared/Sample Docs/Term Sheets/CIIE Term Sheet Template.pdf
8, DOWNLOAD, /Shared/Sample Docs/Term Sheets/TERM_SHEET_EQUITY.pdf
5, ADD_FILE, /Shared/Sample Docs/Term Sheets/Sample Term Sheet.pdf
6, PREVIEW, /Shared/Sample Docs/Term Sheets/Sample Term Sheet.pdf
6, DOWNLOAD, /Shared/Sample Docs/Term Sheets/Sample Term Sheet.pdf
1, ADD_FILE, /Shared/Sample Docs/Term Sheets/CIIE Term Sheet Template.pdf
6, DOWNLOAD, /Shared/Sample Docs/Term Sheets/CIIE Term Sheet Template.pdf
8, PREVIEW, /Shared/Sample Docs/Term Sheets/Sample Term Sheet.pdf
7, ADD_FILE, /Shared/Sample Docs/Term Sheets/TERM_SHEET_EQUITY.pdf
7, PREVIEW, /Shared/Sample Docs/Term Sheets/ILPA-Model-LPA-Term-Sheet-DBD-Version.pdf
8, PREVIEW, /Shared/Sample Docs/Term Sheets/CIIE Term Sheet Template.pdf
7, DOWNLOAD, /Shared/Sample Docs/Term Sheets/TERM_SHEET_EQUITY.pdf
6, ADD_FILE, /Shared/Sample Docs/Term Sheets/Sample Term Sheet.pdf
7, DOWNLOAD, /Shared/Sample Docs/Term Sheets/ILPA-Model-LPA-Term-Sheet-DBD-Version.pdf
5, DOWNLOAD, /Shared/Sample Docs/Term Sheets/ILPA-Model-LPA-Term-Sheet-DBD-Version.pdf
8, DOWNLOAD, /Shared/Sample Docs/Term Sheets/ILPA-Model-LPA-Term-Sheet-DBD-Version.pdf
6, DOWNLOAD, /Shared/Sample Docs/Term Sheets/ILPA-Model-LPA-Term-Sheet-DBD-Version.pdf
5, DOWNLOAD, /Shared/Sample Docs/Term Sheets/CIIE Term Sheet Template.pdf
8, ADD_FILE, /Shared/Sample Docs/Term Sheets/TERM_SHEET_EQUITY.pdf
1, DOWNLOAD, /Shared/Sample Docs/Term Sheets/ILPA-Model-LPA-Term-Sheet-DBD-Version.pdf
6, PREVIEW, /Shared/Sample Docs/Term Sheets/ILPA-Model-LPA-Term-Sheet-DBD-Version.pdf
6, DOWNLOAD, /Shared/Sample Docs/Term Sheets/TERM_SHEET_EQUITY.pdf
6, ADD_FILE, /Shared/Sample Docs/Term Sheets/ILPA-Model-LPA-Term-Sheet-WOF-Version-1.pdf
1, PREVIEW, /Shared/Sample Docs/Term Sheets/CIIE Term Sheet Template.pdf
5, DOWNLOAD, /Shared/Sample Docs/Term Sheets/Sample Term Sheet.pdf
5, ADD_FILE, /Shared/Sample Docs/Term Sheets/TERM_SHEET_EQUITY.pdf
6, DOWNLOAD, /Shared/Sample Docs/Term Sheets/ILPA-Model-LPA-Term-Sheet-WOF-Version-1.pdf
7, PREVIEW, /Shared/Sample Docs/Term Sheets/CIIE Term Sheet Template.pdf
8, PREVIEW, /Shared/Sample Docs/Term Sheets/ILPA-Model-LPA-Term-Sheet-WOF-Version-1.pdf
6, PREVIEW, /Shared/Sample Docs/Term Sheets/TERM_SHEET_EQUITY.pdf
6, ADD_FILE, /Shared/Sample Docs/Term Sheets/CIIE Term Sheet Template.pdf
5, PREVIEW, /Shared/Sample Docs/Term Sheets/ILPA-Model-LPA-Term-Sheet-DBD-Version.pdf
8, PREVIEW, /Shared/Sample Docs/Term Sheets/TERM_SHEET_EQUITY.pdf
8, DOWNLOAD, /Shared/Sample Docs/Term Sheets/CIIE Term Sheet Template.pdf
8, ADD_FILE, /Shared/Sample Docs/Term Sheets/Sample Term Sheet.pdf
7, ADD_FILE, /Shared/Sample Docs/Term Sheets/ILPA-Model-LPA-Term-Sheet-DBD-Version.pdf
7, DOWNLOAD, /Shared/Sample Docs/Term Sheets/Sample Term Sheet.pdf
1, ADD_FILE, /Shared/Sample Docs/Term Sheets/ILPA-Model-LPA-Term-Sheet-DBD-Version.pdf
5, ADD_FILE, /Shared/Sample Docs/Term Sheets/ILPA-Model-LPA-Term-Sheet-DBD-Version.pdf
1, DOWNLOAD, /Shared/Sample Docs/Term Sheets/TERM_SHEET_EQUITY.pdf
6, PREVIEW, /Shared/Sample Docs/Term Sheets/ILPA-Model-LPA-Term-Sheet-WOF-Version-1.pdf
8, DOWNLOAD, /Shared/Sample Docs/Term Sheets/ILPA-Model-LPA-Term-Sheet-WOF-Version-1.pdf
5, ADD_FILE, /Shared/Sample Docs/Term Sheets/CIIE Term Sheet Template.pdf
